<?xml version="1.0" encoding="UTF-8" ?>

<!DOCTYPE mapper
        PUBLIC "-//mybatis.org//DTD Mapper 3.0//EN"
        "http://mybatis.org/dtd/mybatis-3-mapper.dtd">
<mapper namespace="com.rabbiter.sms.dao.Course.CourseMapper" >
    <resultMap id="BaseUserMap" type="com.rabbiter.sms.dto.Course" >
        <result column="id" property="id" jdbcType="VARCHAR" />
        <result column="name" property="name" jdbcType="VARCHAR" />
        <result column="credits" property="credits" jdbcType="DECIMAL" />
        <result column="number" property="number" jdbcType="INTEGER" />
        <result column="score" property="score" jdbcType="INTEGER" />
        <result column="year" property="year" jdbcType="INTEGER" />
        <result column="term" property="term" jdbcType="INTEGER" />
        <result column="type" property="type" jdbcType="INTEGER" />
        <result column="profession" property="profession" jdbcType="VARCHAR" />
        <result column="start" property="start" jdbcType="INTEGER" />
        <result column="end" property="end" jdbcType="INTEGER" />
        <result column="room" property="room" jdbcType="VARCHAR" />
        <result column="create_time" property="createTime" jdbcType="TIMESTAMP" />
    </resultMap>

    <insert id="addCourse" parameterType="com.rabbiter.sms.dto.Course">
        INSERT INTO course
        <trim prefix="(" suffix=")" suffixOverrides=",">
            <if test="id != null and id != ''">id,</if>
            <if test="name != null and name != ''">`name`,</if>
            <if test="number != null and number != ''">`number`,</if>
            <if test="credits != null and credits != ''">`credits`,</if>
            <if test="score != null and score != ''">`score`,</if>
            <if test="year != null and year != ''">`year`,</if>
            <if test="type != null and type != ''">`type`,</if>
            <if test="term != null and term != ''">term,</if>
            <if test="profession != null and profession != ''">profession,</if>
        </trim>
        <trim prefix="values (" suffix=")" suffixOverrides=",">
            <if test="id != null and id != ''">#{id},</if>
            <if test="name != null and name != ''">#{name},</if>
            <if test="number != null and number != ''">#{number},</if>
            <if test="credits != null and credits != ''">#{credits},</if>
            <if test="score != null and score != ''">#{score},</if>
            <if test="year != null and year != ''">#{year},</if>
            <if test="type != null and type != ''">#{type},</if>
            <if test="term != null and term != ''">#{term},</if>
            <if test="profession != null and profession != ''">#{profession},</if>
        </trim>
    </insert>
    <delete id="delete" parameterType="map">
        DELETE FROM
        course
        <where>
            id IN
            <foreach collection="ids" item="id" open="(" separator="," close=")">
                #{id}
            </foreach>
        </where>
    </delete>
    <update id="update" parameterType="com.rabbiter.sms.dto.User">
        UPDATE course
        <trim prefix="set" suffixOverrides=",">
            <if test="name != null and name != ''">
                `name` = #{name},
            </if>
            <if test="number != null and number != ''">
                `number` = #{number},
            </if>
            <if test="credits != null and credits != ''">
                credits = #{credits},
            </if>
            <if test="score != null and score != ''">
                score = #{score},
            </if>
            <if test="year != null and year != ''">
                `year`= #{year},
            </if>
            <if test="type != null and type != ''">
                `type` = #{type},
            </if>
            <if test="term != null and term != ''">
                term = #{term},
            </if>
            <if test="profession != null and profession != ''">
                profession = #{profession},
            </if>
        </trim>
        <where>
            <if test="id != null and id != ''">
                id = #{id}
            </if>
        </where>
    </update>
    <select id="getCourseList" resultMap="BaseUserMap" parameterType="map">
        SELECT
            *
        FROM course
        <where>
            <if test="condition.code != null and condition.code != ''">
                name LIKE CONCAT('%',#{condition.code},'%') OR profession LIKE CONCAT('%',#{condition.code},'%')
            </if>
        </where>
        ORDER BY create_time desc
    </select>
    <select id="checkCodeCount" resultType="string">
        select MAX(id) from course
        <where>
            <if test="condition.profession != null and condition.profession != ''">
                profession = #{condition.profession}
            </if>
            <if test="condition.year != null and condition.year != ''">
                AND year  = #{condition.year}
            </if>
        </where>
    </select>
    <select id="getCourseByMap" resultMap="BaseUserMap" parameterType="map">
        SELECT
        a.*,
        c.real_name,
        d.start,
        d.end,
        d.room
        FROM course a
        left join teacher_course b
        on a.id = b.course_id
        left join teacher c
        on b.teacher_id = c.id
        left join course_info d
        on a.id = d.course_id
        <where>
            <if test="condition.profession != null and condition.profession != ''">
                a.profession = #{condition.profession}
            </if>
            <if test="condition.term != null and condition.term != ''">
                AND a.term  = #{condition.term}
            </if>
            <if test="condition.courseName != null and condition.courseName != ''">
                AND a.name  = #{condition.courseName}
            </if>
        </where>
    </select>
    <select id="getCourseById" resultMap="BaseUserMap" parameterType="string">
        SELECT
        *
        FROM course
        <where>
            id = #{courseId}
        </where>
    </select>
</mapper>

