<?xml version="1.0" encoding="UTF-8" ?>

<!DOCTYPE mapper
        PUBLIC "-//mybatis.org//DTD Mapper 3.0//EN"
        "http://mybatis.org/dtd/mybatis-3-mapper.dtd">
<mapper namespace="com.rabbiter.sms.dao.User.TeacherMapper" >
    <resultMap id="BaseUserMap" type="com.rabbiter.sms.dto.User" >
        <result column="id" property="id" jdbcType="VARCHAR" />
        <result column="username" property="username" jdbcType="VARCHAR" />
        <result column="password" property="password" jdbcType="VARCHAR" />
        <result column="real_name" property="realName" jdbcType="VARCHAR" />
        <result column="level" property="level" jdbcType="INTEGER" />
        <result column="school" property="school" jdbcType="VARCHAR" />
        <result column="admission_time" property="admissionTime" jdbcType="VARCHAR" />
        <result column="email" property="email" jdbcType="VARCHAR" />
        <result column="profession" property="profession" jdbcType="VARCHAR" />
        <result column="phone" property="phone" jdbcType="VARCHAR" />
        <result column="sex" property="sex" jdbcType="INTEGER" />
        <result column="create_time" property="createTime" jdbcType="TIMESTAMP" />
    </resultMap>

    <insert id="addTeacher" parameterType="com.rabbiter.sms.dto.User">
        INSERT INTO teacher
        <trim prefix="(" suffix=")" suffixOverrides=",">
            <if test="id != null and id != ''">id,</if>
            <if test="username != null and username != ''">username,</if>
            <if test="password != null and password != ''">password,</if>
            <if test="realName != null and realName != ''">real_name,</if>
            <if test="school != null and school != ''">school,</if>
            <if test="email != null and email != ''">email,</if>
            <if test="profession != null and profession != ''">profession,</if>
            <if test="phone != null and phone != ''">phone,</if>
            <if test="sex != null and sex != ''">sex,</if>
        </trim>
        <trim prefix="values (" suffix=")" suffixOverrides=",">
            <if test="id != null and id != ''">#{id},</if>
            <if test="username != null and username != ''">#{username},</if>
            <if test="password != null and password != ''">#{password},</if>
            <if test="realName != null and realName != ''">#{realName},</if>
            <if test="school != null and school != ''">#{school},</if>
            <if test="email != null and email != ''">#{email},</if>
            <if test="profession != null and profession != ''">#{profession},</if>
            <if test="phone != null and phone != ''">#{phone},</if>
            <if test="sex != null and sex != ''">#{sex},</if>
        </trim>
    </insert>
    <delete id="delete" parameterType="map">
        DELETE FROM
        teacher
        <where>
            id IN
            <foreach collection="ids" item="id" open="(" separator="," close=")">
                #{id}
            </foreach>
        </where>
    </delete>
    <update id="update" parameterType="com.rabbiter.sms.dto.User">
        UPDATE teacher
        <trim prefix="set" suffixOverrides=",">
            <if test="username != null and username != ''">
                username = #{username},
            </if>
            <if test="password != null and password != ''">
                password = #{password},
            </if>
            <if test="realName != null and realName != ''">
                real_name = #{realName},
            </if>

            <if test="school != null and school != ''">
                school = #{school},
            </if>
            <if test="email != null and email != ''">
                email = #{email},
            </if>
            <if test="profession != null and profession != ''">
                profession = #{profession},
            </if>
            <if test="phone != null and phone != ''">
                phone = #{phone},
            </if>
            <if test="sex != null and sex != ''">
                sex = #{sex},
            </if>
        </trim>
        <where>
            <if test="id != null and id != ''">
                id = #{id}
            </if>
        </where>
    </update>
    <select id="getTeacherList" resultMap="BaseUserMap" parameterType="int">
        SELECT
        distinct a.id,
        a.username, a.password, a.real_name,
        a.level, a.school, a.email, a.phone,
        a.sex, a.create_time
        FROM
        teacher a
        LEFT JOIN
        teacher_course b
        ON a.username = b.username
        <where>
            <if test="condition.code != null and condition.code != ''">
                a.username LIKE CONCAT('%',#{condition.code},'%') OR a.real_name LIKE CONCAT('%',#{condition.code},'%')
            </if>
            <if test="condition.profession != null and condition.profession != ''">
                AND b.profession = #{condition.profession}
            </if>
            <if test="condition.grade != null and condition.grade != ''">
                AND b.grade = #{condition.grade}
            </if>
        </where>
        ORDER BY a.id DESC
    </select>

    <select id="getUserById" resultMap="BaseUserMap" parameterType="string">
        SELECT
        *
        FROM teacher
        <where>
            id = #{id}
        </where>
    </select>

    <select id="checkCodeCount" resultType="int">
        select
            count(0)
        from
            teacher
    </select>
</mapper>
